title,description
Software Engineer,"We are seeking a skilled Software Engineer to join our dynamic team. The ideal candidate will have strong programming skills in languages such as Java, Python, or C++, and experience with web technologies. Responsibilities include designing, coding, and testing software applications, collaborating with cross-functional teams, and staying up-to-date with emerging technologies. 3+ years of professional experience required."
Data Scientist,"Looking for a passionate Data Scientist to turn data into insights. The successful candidate will have a strong background in statistics, machine learning, and programming (Python, R). Key responsibilities include developing predictive models, conducting complex data analysis, and presenting findings to stakeholders. Experience with big data technologies like Hadoop or Spark is a plus. PhD or Master's in a quantitative field preferred."
UX/UI Designer,"We're hiring a creative UX/UI Designer to craft intuitive and visually appealing digital experiences. The ideal candidate will have a keen eye for design, proficiency in tools like Sketch, Figma, and Adobe Creative Suite, and a portfolio showcasing their best work. Responsibilities include creating wireframes, prototypes, and final designs for web and mobile applications. 2+ years of experience in UX/UI design required."
Product Manager,"Seeking an experienced Product Manager to lead the development and launch of innovative products. The ideal candidate will have a track record of successful product launches, strong analytical skills, and excellent communication abilities. Responsibilities include defining product strategy, managing the product roadmap, and collaborating with engineering, design, and marketing teams. 5+ years of product management experience in a tech company preferred."
Digital Marketing Specialist,"We are looking for a results-driven Digital Marketing Specialist to boost our online presence. The successful candidate will have experience in SEO, SEM, social media marketing, and content creation. Key responsibilities include developing and implementing digital marketing campaigns, analyzing performance metrics, and optimizing strategies for maximum ROI. Proficiency in Google Analytics and AdWords is required. 3+ years of digital marketing experience preferred."
DevOps Engineer,"Seeking a skilled DevOps Engineer to streamline our development and deployment processes. The ideal candidate will have strong skills in Linux/Unix systems, containerization (Docker, Kubernetes), and cloud platforms (AWS, Azure, or GCP). Responsibilities include implementing CI/CD pipelines, managing infrastructure as code, and ensuring system reliability and scalability. 4+ years of experience in DevOps or similar roles required."
Business Analyst,"We're hiring a detail-oriented Business Analyst to bridge the gap between IT and the business. The successful candidate will have strong analytical skills, proficiency in SQL, and experience with data visualization tools like Tableau or Power BI. Key responsibilities include gathering and documenting business requirements, analyzing data to identify trends and opportunities, and presenting insights to stakeholders. 3+ years of business analysis experience in a tech environment preferred."
Cybersecurity Specialist,"Looking for a vigilant Cybersecurity Specialist to protect our digital assets. The ideal candidate will have in-depth knowledge of network security, encryption, and threat detection techniques. Responsibilities include implementing security measures, conducting vulnerability assessments, and responding to security incidents. Relevant certifications (e.g., CISSP, CEH) and 5+ years of experience in information security required."
Full Stack Web Developer,"We are seeking a versatile Full Stack Web Developer to build and maintain web applications. The successful candidate will be proficient in both front-end (HTML, CSS, JavaScript, React) and back-end (Node.js, Python, or Ruby) technologies. Responsibilities include developing responsive web applications, integrating with APIs, and optimizing application performance. 3+ years of full stack development experience required."
AI Research Scientist,"Exciting opportunity for an AI Research Scientist to push the boundaries of artificial intelligence. The ideal candidate will have a strong background in machine learning, deep learning, and natural language processing. Responsibilities include developing novel AI algorithms, conducting experiments, publishing research papers, and collaborating with engineering teams to implement AI solutions. PhD in Computer Science, AI, or a related field required, with a track record of published research."